algorithm,dataset,recall,precision,fallout,antiprecision,recall_c,precision_c,fallout_c,antiprecision_c,cutoff
mostpopular,movielens1M,0.0859092775739661,0.1452029826014913,0.0340684843151257,0.03608947804473903,0.6024983062154041,0.6247555923777962,0.4695145949064018,0.2610439105219553,10.0
